{
    "resources": [
        {
            "name": "img/PlacaBloqueada.PNG"
        },
        {
            "name": "model/models.js"
        },
        {
            "name": "manifest.json"
        },
        {
            "name": "controller/Vista_Principal.controller.js"
        },
        {
            "name": "controller/Vista_M_Principal.controller.js"
        },
        {
            "name": "controller/Vista_DT_Principal.controller.js"
        },
        {
            "name": "Component.js"
        },
        {
            "name": "manifest-bundle.zip"
        },
        {
            "name": "Component-preload.js",
            "merged": true
        },
        {
            "name": "model/models-dbg.js",
            "isDebug": true
        },
        {
            "name": "controller/Vista_Principal-dbg.controller.js",
            "isDebug": true
        },
        {
            "name": "controller/Vista_M_Principal-dbg.controller.js",
            "isDebug": true
        },
        {
            "name": "controller/Vista_DT_Principal-dbg.controller.js",
            "isDebug": true
        },
        {
            "name": "Component-dbg.js",
            "isDebug": true
        },
        {
            "name": "../../sap-ui-version.json"
        },
        {
            "name": "view/Vista_Principal.view.xml"
        },
        {
            "name": "view/Vista_M_Principal.view.xml"
        },
        {
            "name": "view/Vista_DT_Principal.view.xml"
        },
        {
            "name": "img/vehiculo_frente2.png"
        },
        {
            "name": "img/vehiculo_atrasv2.png"
        },
        {
            "name": "img/vehiculo_atras.png"
        },
        {
            "name": "img/usuarioreglafrente.png"
        },
        {
            "name": "img/usuarioenregla.png"
        },
        {
            "name": "img/social-whatsapp-circle-512.png"
        },
        {
            "name": "img/gas22.png"
        },
        {
            "name": "img/gas11.png"
        },
        {
            "name": "img/email.png"
        },
        {
            "name": "img/Vehiculo.png"
        },
        {
            "name": "img/Principal.PNG"
        },
        {
            "name": "i18n/i18n.properties",
            "raw": "i18n/i18n.properties"
        },
        {
            "name": "img/NoEfectuado.png"
        },
        {
            "name": "img/Logo5.PNG"
        },
        {
            "name": "img/Logo4.PNG"
        },
        {
            "name": "img/Logo2.PNG"
        },
        {
            "name": "img/Logo.PNG"
        },
        {
            "name": "img/Linea2.png"
        },
        {
            "name": "img/Linea1.png"
        },
        {
            "name": "img/Foto.jpg"
        },
        {
            "name": "img/Exito.PNG"
        },
        {
            "name": "img/EnProceso.png"
        },
        {
            "name": "img/Efectuado.png"
        },
        {
            "name": "img/CardLicencia.PNG"
        },
        {
            "name": "img/CamionCompartimientos2.PNG"
        },
        {
            "name": "img/CamionCompartimientos.PNG"
        },
        {
            "name": "img/Cabecera2.PNG"
        },
        {
            "name": "img/Cabecera.PNG"
        },
        {
            "name": "img/Advertencia.PNG"
        },
        {
            "name": "css/style.css"
        },
        {
            "name": "index.html"
        }
    ]
}