{
  "img/usuarioreglafrente.png": 1611192283792,
  "model/models.js": 1611191228917,
  "manifest.json": 1611250421684,
  "controller/Vista_Principal.controller.js": 1611191545426,
  "controller/Vista_M_Principal.controller.js": 1611192143888,
  "controller/Vista_DT_Principal.controller.js": 1611250390586,
  "Component.js": 1611195616928,
  "manifest-bundle.zip": 1611250420908,
  "Component-preload.js": 1611250421533,
  "model/models-dbg.js": 1611191228917,
  "controller/Vista_Principal-dbg.controller.js": 1611191545426,
  "controller/Vista_M_Principal-dbg.controller.js": 1611192143888,
  "controller/Vista_DT_Principal-dbg.controller.js": 1611250390586,
  "Component-dbg.js": 1611195616928,
  "resources.json": 1611250421688,
  "view/Vista_Principal.view.xml": 1611191595390,
  "view/Vista_M_Principal.view.xml": 1611195616908,
  "view/Vista_DT_Principal.view.xml": 1611247539556,
  "img/vehiculo_frente2.png": 1611192283808,
  "img/vehiculo_atrasv2.png": 1611192283804,
  "img/vehiculo_atras.png": 1611192283796,
  "i18n/i18n.properties": 1611191228913,
  "img/usuarioenregla.png": 1611192283788,
  "img/social-whatsapp-circle-512.png": 1611192283776,
  "img/gas22.png": 1611192282076,
  "img/gas11.png": 1611192282076,
  "img/email.png": 1611192281712,
  "img/Vehiculo.png": 1611192283796,
  "img/Principal.PNG": 1611192283652,
  "img/PlacaBloqueada.PNG": 1611192283648,
  "img/NoEfectuado.png": 1611192283648,
  "img/Logo5.PNG": 1611192283648,
  "img/Logo4.PNG": 1611192282164,
  "img/Logo2.PNG": 1611192282080,
  "img/Logo.PNG": 1611192282080,
  "img/Linea2.png": 1611192282076,
  "img/Linea1.png": 1611192282076,
  "img/Foto.jpg": 1611192282072,
  "img/Exito.PNG": 1611192281712,
  "img/EnProceso.png": 1611192281712,
  "img/Efectuado.png": 1611192281708,
  "img/CardLicencia.PNG": 1611192281708,
  "img/CamionCompartimientos2.PNG": 1611192281708,
  "img/CamionCompartimientos.PNG": 1611192281552,
  "img/Cabecera2.PNG": 1611192281272,
  "img/Cabecera.PNG": 1611192281268,
  "img/Advertencia.PNG": 1611192281268,
  "css/style.css": 1611195616912,
  "index.html": 1611247539564
}